地区,年份,GDP_亿元,人口_万人
上海市,2016,30963.9,2467.0
上海市,2017,34378.3,2466.0
上海市,2018,37769.1,2475.0
上海市,2019,40241.2,2481.0
上海市,2020,41603.9,2488.0
上海市,2021,47059.4,2489.0
上海市,2022,48594.5,2475.0
上海市,2023,51404.5,2487.0
上海市,2024,53759.5,2480.0
上海市,2025,56708.7,2485.0
云南省,2016,16773.6,4677.0
云南省,2017,18864.6,4693.0
云南省,2018,21427.5,4703.0
云南省,2019,23902.1,4714.0
云南省,2020,25214.5,4722.0
云南省,2021,27895.3,4690.0
云南省,2022,29301.1,4693.0
云南省,2023,30595.8,4673.0
云南省,2024,31423.4,4655.0
云南省,2025,32765.8,4644.0
内蒙古自治区,2016,13879.0,2436.0
内蒙古自治区,2017,15009.9,2433.0
内蒙古自治区,2018,16252.9,2422.0
内蒙古自治区,2019,17479.4,2415.0
内蒙古自治区,2020,17623.4,2403.0
内蒙古自治区,2021,21584.8,2400.0
内蒙古自治区,2022,23795.7,2401.0
内蒙古自治区,2023,25020.5,2396.0
内蒙古自治区,2024,26337.0,2388.0
内蒙古自治区,2025,26710.3,2374.0
北京市,2016,28438.7,2195.0
北京市,2017,31325.9,2194.0
北京市,2018,35161.4,2192.0
北京市,2019,37767.0,2190.0
北京市,2020,38503.6,2189.0
北京市,2021,44350.7,2189.0
北京市,2022,45222.4,2184.0
北京市,2023,47353.7,2186.0
北京市,2024,49670.2,2183.0
北京市,2025,52073.4,2180.0
吉林省,2016,10603.5,2567.0
吉林省,2017,11083.0,2526.0
吉林省,2018,11437.4,2484.0
吉林省,2019,11949.4,2448.0
吉林省,2020,12499.5,2399.0
吉林省,2021,13431.1,2375.0
吉林省,2022,13121.4,2348.0
吉林省,2023,13942.7,2339.0
吉林省,2024,14305.0,2317.0
吉林省,2025,14973.9,2297.0
四川省,2016,33879.2,8251.0
四川省,2017,38517.1,8289.0
四川省,2018,43539.0,8321.0
四川省,2019,47168.6,8351.0
四川省,2020,49445.1,8371.0
四川省,2021,55131.3,8372.0
四川省,2022,57609.4,8374.0
四川省,2023,61353.4,8368.0
四川省,2024,64537.9,8364.0
四川省,2025,67665.3,8318.0
天津市,2016,11487.0,1443.0
天津市,2017,12468.2,1410.0
天津市,2018,13411.1,1383.0
天津市,2019,14097.2,1385.0
天津市,2020,14230.8,1387.0
天津市,2021,16093.2,1373.0
天津市,2022,16588.5,1363.0
天津市,2023,17211.8,1364.0
天津市,2024,17931.3,1364.0
天津市,2025,18539.8,1363.0
宁夏回族自治区,2016,2853.3,695.0
宁夏回族自治区,2017,3271.6,705.0
宁夏回族自治区,2018,3580.6,710.0
宁夏回族自治区,2019,3841.5,717.0
宁夏回族自治区,2020,4036.2,721.0
宁夏回族自治区,2021,4666.5,725.0
宁夏回族自治区,2022,5168.1,728.0
宁夏回族自治区,2023,5368.8,729.0
宁夏回族自治区,2024,5520.2,729.0
宁夏回族自治区,2025,5696.5,732.0
安徽省,2016,26801.2,6033.0
安徽省,2017,30141.8,6057.0
安徽省,2018,34377.3,6076.0
安徽省,2019,37584.8,6092.0
安徽省,2020,38628.8,6105.0
安徽省,2021,43102.8,6113.0
安徽省,2022,45525.1,6127.0
安徽省,2023,48227.5,6121.0
安徽省,2024,50646.7,6123.0
安徽省,2025,52989.5,6082.0
山东省,2016,59702.6,9973.0
山东省,2017,63958.6,10033.0
山东省,2018,67864.4,10077.0
山东省,2019,72024.3,10106.0
山东省,2020,74355.9,10165.0
山东省,2021,84838.0,10170.0
山东省,2022,89519.4,10163.0
山东省,2023,94206.4,10123.0
山东省,2024,98406.9,10080.0
山东省,2025,103197.5,10043.0
山西省,2016,12160.1,3514.0
山西省,2017,14679.1,3510.0
山西省,2018,16153.1,3502.0
山西省,2019,17311.0,3497.0
山西省,2020,18202.7,3490.0
山西省,2021,23087.8,3480.0
山西省,2022,25653.2,3481.0
山西省,2023,26050.8,3466.0
山西省,2024,25353.5,3446.0
山西省,2025,25495.7,3424.0
广东省,2016,83493.4,11908.0
广东省,2017,93004.8,12141.0
广东省,2018,101875.9,12348.0
广东省,2019,110468.1,12489.0
广东省,2020,113708.9,12624.0
广西壮族自治区,2016,16417.2,4857.0
广西壮族自治区,2017,18071.7,4907.0
广西壮族自治区,2018,19951.7,4947.0
广西壮族自治区,2019,21341.5,4982.0
广西壮族自治区,2020,22250.7,5019.0
广西壮族自治区,2021,25311.5,5037.0
广西壮族自治区,2022,26419.7,5047.0
广西壮族自治区,2023,27501.7,5027.0
广西壮族自治区,2024,28694.1,5013.0
广西壮族自治区,2025,29727.4,4989.0
新疆维吾尔自治区,2016,9913.9,2428.0
新疆维吾尔自治区,2017,11460.8,2480.0
新疆维吾尔自治区,2018,13110.1,2520.0
新疆维吾尔自治区,2019,14024.9,2559.0
新疆维吾尔自治区,2020,14262.2,2590.0
新疆维吾尔自治区,2021,16791.5,2589.0
新疆维吾尔自治区,2022,18550.5,2587.0
新疆维吾尔自治区,2023,19603.3,2598.0
新疆维吾尔自治区,2024,20492.4,2623.0
新疆维吾尔自治区,2025,21462.1,2639.0
江苏省,2016,78261.2,8381.0
江苏省,2017,86512.9,8423.0
江苏省,2018,93456.3,8446.0
江苏省,2019,99836.9,8469.0
江苏省,2020,104566.6,8477.0
江苏省,2021,119853.2,8505.0
江西省,2016,18761.2,4496.0
江西省,2017,20497.6,4511.0
江西省,2018,23016.9,4513.0
江西省,2019,24724.0,4516.0
江西省,2020,25825.4,4519.0
江西省,2021,29838.2,4517.0
江西省,2022,31568.1,4528.0
江西省,2023,32677.1,4515.0
江西省,2024,34227.9,4502.0
江西省,2025,36020.0,4474.0
河北省,2016,28879.7,7375.0
河北省,2017,31065.5,7409.0
河北省,2018,32947.0,7426.0
河北省,2019,35623.5,7447.0
河北省,2020,36821.5,7464.0
河北省,2021,41205.4,7448.0
河北省,2022,43198.3,7420.0
河北省,2023,45660.0,7393.0
河北省,2024,47448.1,7378.0
河北省,2025,49305.2,7354.0
河南省,2016,40167.7,9778.0
河南省,2017,44586.5,9829.0
河南省,2018,50273.5,9864.0
河南省,2019,53739.3,9901.0
河南省,2020,54160.6,9941.0
河南省,2021,57806.9,9883.0
河南省,2022,58807.4,9872.0
河南省,2023,60627.7,9815.0
河南省,2024,63557.1,9785.0
河南省,2025,66632.8,9744.0
浙江省,2016,48095.8,6072.0
浙江省,2017,53135.2,6170.0
浙江省,2018,59311.7,6273.0
浙江省,2019,64632.0,6375.0
浙江省,2020,67164.5,6468.0
浙江省,2021,76765.3,6540.0
浙江省,2022,80770.0,6577.0
浙江省,2023,85619.6,6627.0
浙江省,2024,90007.0,6670.0
浙江省,2025,94545.0,6701.0
海南省,2016,4151.0,957.0
海南省,2017,4552.9,972.0
海南省,2018,5004.2,982.0
海南省,2019,5442.1,995.0
海南省,2020,5640.8,1012.0
海南省,2021,6508.9,1020.0
海南省,2022,6912.8,1027.0
海南省,2023,7590.2,1043.0
海南省,2024,7972.7,1048.0
海南省,2025,8108.9,1055.0
湖北省,2016,33767.6,5885.0
湖北省,2017,37624.2,5904.0
湖北省,2018,42425.5,5917.0
湖北省,2019,45557.0,5927.0
湖北省,2020,43017.6,5745.0
湖北省,2021,50093.3,5830.0
湖北省,2022,53445.4,5844.0
湖北省,2023,56794.3,5838.0
湖北省,2024,59644.3,5834.0
湖北省,2025,62660.9,5811.0
湖南省,2016,31225.0,6625.0
湖南省,2017,34127.7,6633.0
湖南省,2018,36629.3,6635.0
湖南省,2019,39930.7,6640.0
湖南省,2020,41693.7,6645.0
湖南省,2021,45751.9,6622.0
湖南省,2022,47957.9,6604.0
湖南省,2023,50667.5,6568.0
湖南省,2024,53084.7,6539.0
湖南省,2025,55308.7,6492.0
甘肃省,2016,7207.1,2520.0
甘肃省,2017,7642.6,2522.0
甘肃省,2018,8364.7,2515.0
甘肃省,2019,9053.3,2509.0
甘肃省,2020,9323.1,2501.0
甘肃省,2021,10608.0,2490.0
甘肃省,2022,11553.6,2492.0
甘肃省,2023,12345.7,2465.0
甘肃省,2024,13020.5,2458.0
甘肃省,2025,13697.5,2443.0
福建省,2016,30199.2,4016.0
福建省,2017,34432.2,4065.0
福建省,2018,39204.8,4104.0
福建省,2019,42479.1,4137.0
福建省,2020,43682.0,4161.0
福建省,2021,49602.6,4187.0
福建省,2022,52099.6,4188.0
福建省,2023,54801.7,4183.0
福建省,2024,57476.6,4193.0
福建省,2025,60199.5,4190.0
西藏自治区,2016,1197.4,340.0
西藏自治区,2017,1381.0,349.0
西藏自治区,2018,1583.5,354.0
西藏自治区,2019,1750.3,361.0
西藏自治区,2020,1956.5,366.0
西藏自治区,2021,2145.1,366.0
西藏自治区,2022,2235.4,364.0
西藏自治区,2023,2532.9,365.0
西藏自治区,2024,2789.1,370.0
西藏自治区,2025,3031.9,374.0
贵州省,2016,12133.9,3758.0
贵州省,2017,14067.3,3803.0
贵州省,2018,15886.6,3822.0
贵州省,2019,17251.8,3848.0
贵州省,2020,18308.3,3858.0
贵州省,2021,19921.3,3852.0
贵州省,2022,20579.5,3856.0
贵州省,2023,21513.7,3865.0
贵州省,2024,22645.7,3860.0
贵州省,2025,23562.2,3857.0
辽宁省,2016,20832.0,4327.0
辽宁省,2017,22105.4,4312.0
辽宁省,2018,24113.5,4291.0
辽宁省,2019,25665.9,4277.0
辽宁省,2020,25839.0,4255.0
辽宁省,2021,28471.0,4229.0
辽宁省,2022,29739.7,4197.0
辽宁省,2023,31389.8,4182.0
辽宁省,2024,32540.8,4155.0
辽宁省,2025,33182.9,4131.0
重庆市,2016,18271.1,3110.0
重庆市,2017,20260.8,3144.0
重庆市,2018,21866.8,3163.0
重庆市,2019,23689.6,3188.0
重庆市,2020,25158.1,3209.0
重庆市,2021,28092.5,3212.0
重庆市,2022,28771.8,3213.0
重庆市,2023,30614.3,3191.0
重庆市,2024,32046.7,3190.0
重庆市,2025,33757.9,3187.0
陕西省,2016,19354.6,3874.0
陕西省,2017,21776.1,3904.0
陕西省,2018,24354.8,3931.0
陕西省,2019,26214.5,3944.0
陕西省,2020,26297.0,3955.0
陕西省,2021,30476.6,3954.0
陕西省,2022,33035.6,3956.0
陕西省,2023,33976.5,3952.0
陕西省,2024,35437.1,3953.0
陕西省,2025,36551.1,3936.0
青海省,2016,2310.7,582.0
青海省,2017,2517.0,586.0
青海省,2018,2799.9,587.0
青海省,2019,3020.2,590.0
青海省,2020,3080.6,593.0
青海省,2021,3446.3,594.0
青海省,2022,3677.4,595.0
青海省,2023,3849.2,594.0
青海省,2024,3965.5,593.0
青海省,2025,4121.8,592.0
黑龙江省,2016,12280.9,3463.0
黑龙江省,2017,12659.5,3399.0
黑龙江省,2018,13205.7,3327.0
黑龙江省,2019,13962.5,3255.0
黑龙江省,2020,14000.1,3171.0
黑龙江省,2021,15292.8,3125.0
黑龙江省,2022,16359.2,3099.0
黑龙江省,2023,16470.7,3062.0
黑龙江省,2024,16478.1,3029.0
黑龙江省,2025,16878.0,3001.0
